ac_number,constituency,region,reserved,party_2026,candidate_2026,winner_votes_2026,total_votes_2026,margin_2026,vote_share_2026,party_2021,candidate_2021,winner_votes_2021,total_votes_2021,margin_2021,vote_share_2021,turnout_2021,seat_status,vote_share_bucket
1,Gummidipoondi,"Chennai Metro",GEN,TVK,S.VIJAYAKUMAR,94320,232522,27945,40.6,DMK,"GOVINDARAJAN T.J",126452,222069,50938,56.9,78.08,Flipped,"35% to 50%"
2,Ponneri,"Chennai Metro",SC,TVK,DR.RAVI.M.S,110439,226819,55768,48.7,INC,"DURAI. CHANDRASEKAR",94528,210354,9689,44.9,78.2,Flipped,"35% to 50%"
3,Tiruttani,"Chennai Metro",GEN,AIADMK,G.HARI,89169,238798,5793,37.3,DMK,S.Chandran,120314,232624,29253,51.7,78.76,Flipped,"35% to 50%"
4,Thiruvallur,"Chennai Metro",GEN,TVK,"DR. T. ARUNKUMAR",92190,226428,24760,40.7,DMK,"RAAJENDRAN, V.G.",107709,214243,22701,50.3,77.2,Flipped,"35% to 50%"
5,Poonamallee,"Chennai Metro",SC,TVK,PRAKASAM.R,161309,308894,72740,52.2,DMK,"Krishnaswamy A",149578,263736,94110,56.7,72.99,Flipped,"Above 50%"
6,Avadi,"Chennai Metro",GEN,TVK,"R.RAMESH KUMAR",180384,346005,76311,52.1,DMK,"Nasar S M",150287,300927,55275,49.9,67.37,Flipped,"Above 50%"
7,Maduravoyal,"Chennai Metro",GEN,TVK,"RHEVANTH CHARAN",141725,293692,61509,48.3,DMK,GANAPATHY.K,121298,273870,31721,44.3,60.3,Flipped,"35% to 50%"
8,Ambattur,"Chennai Metro",GEN,TVK,BALAMURUGAN.G,133339,259986,58781,51.3,DMK,"JOSEPH SAMUEL",114554,240299,42146,47.7,62.01,Flipped,"Above 50%"
9,Madavaram,"Chennai Metro",GEN,TVK,M.L.VIJAYPRABHU,190462,361998,94985,52.6,DMK,"SUDHARSANAM. S",151485,302700,57071,50.0,66.37,Flipped,"Above 50%"
10,Thiruvottiyur,"Chennai Metro",GEN,TVK,"SENTHIL KUMAR. N",110067,207088,53564,53.1,DMK,K.P.SHANKAR,88185,199996,37661,44.1,65.15,Flipped,"Above 50%"
11,"Dr.Radhakrishnan Nagar","Chennai Metro",GEN,TVK,"N. MARIE WILSON",97800,181206,49668,54.0,DMK,"EBENEZER. J.J. (@)  JOHN EBENEZER.J",95763,187027,42479,51.2,70.98,Flipped,"Above 50%"
12,Perambur,"Chennai Metro",GEN,TVK,"C. JOSEPH VIJAY",120365,204384,53715,58.9,DMK,"SHEKAR. R.D",105267,200387,54976,52.5,63,Flipped,"Above 50%"
13,Kolathur,"Chennai Metro",GEN,TVK,"V. S. BABU",82997,184051,8795,45.1,DMK,"M.K. STALIN",105522,173388,70384,60.9,61.04,Flipped,"35% to 50%"
14,Villivakkam,"Chennai Metro",GEN,TVK,"AADHAV ARJUNA",66445,141452,17302,47.0,DMK,"A . Vetriazhagan",76127,144092,37237,52.8,55.92,Flipped,"35% to 50%"
15,Thiru-Vi-Ka-Nagar,"Chennai Metro",SC,TVK,"M. R. PALLAVI",69125,143903,22333,48.0,DMK,SIVAKUMAR.P,81727,133696,55013,61.1,60.62,Flipped,"35% to 50%"
16,Egmore,"Chennai Metro",SC,TVK,RAJMOHAN,53901,119738,10804,45.0,DMK,I.PARANTHAMEN,68832,119271,38768,57.7,61.13,Flipped,"35% to 50%"
17,Royapuram,"Chennai Metro",GEN,TVK,"K.V. VIJAY DAMU",59091,127356,14249,46.4,DMK,MURTHY.R.IDREAM,64424,121191,27779,53.2,62.6,Flipped,"35% to 50%"
18,Harbour,"Chennai Metro",GEN,DMK,"P K SEKARBABU",45254,99622,11750,45.4,DMK,"SEKARBABU. P.K",59317,101650,27274,58.4,57.64,Retained,"35% to 50%"
19,Chepauk-Thiruvallikeni,"Chennai Metro",GEN,DMK,"UDHAYANIDHI STALIN",62992,140741,7140,44.8,DMK,"UDHAYANIDHI STALIN",93285,137405,69355,67.9,58.33,Retained,"35% to 50%"
20,"Thousand Lights","Chennai Metro",GEN,TVK,PRABHAKAR.J.C.D,58965,131824,15141,44.7,DMK,"EZHILAN N",71867,135940,32462,52.9,56.25,Flipped,"35% to 50%"
21,"Anna Nagar","Chennai Metro",GEN,TVK,V.K.RAMKUMAR,71375,163339,21363,43.7,DMK,"M.K. Mohan",80054,165096,27445,48.5,57.33,Flipped,"35% to 50%"
22,Virugampakkam,"Chennai Metro",GEN,TVK,SABARINATHAN.R,76092,172831,27086,44.0,DMK,"AMV.PRABHAKARA RAJA",74351,169087,18367,44.0,57.59,Flipped,"35% to 50%"
23,Saidapet,"Chennai Metro",GEN,TVK,"ARUL PRAKASAM. M",81205,160401,28514,50.6,DMK,"SUBRAMANIAN. MA",80194,160327,29408,50.0,57.36,Flipped,"Above 50%"
24,Thiyagarayanagar,"Chennai Metro",GEN,TVK,"ANAND N",51632,133928,13027,38.6,DMK,"KARUNANITHI J",56035,138114,137,40.6,55.99,Flipped,"35% to 50%"
25,Mylapore,"Chennai Metro",GEN,TVK,"VENKATARAMANAN. P",70070,150594,28972,46.5,DMK,VELU.DHA,68392,153430,12633,44.6,56.6,Flipped,"35% to 50%"
26,Velachery,"Chennai Metro",GEN,TVK,"KUMAR. R",80430,184815,33305,43.5,INC,"JMH.AASSAN MAULAANA",68493,176714,4352,38.8,56.18,Flipped,"35% to 50%"
27,Shozhinganallur,"Chennai Metro",GEN,TVK,"ECR P SARAVANAN",220382,447295,96780,49.3,DMK,S.ARAVINDRAMESH,171558,388355,35405,44.2,55.51,Flipped,"35% to 50%"
28,Alandur,"Chennai Metro",GEN,TVK,M.HARISH,112205,261570,29609,42.9,DMK,T.M.Anbarasan,116785,237751,40571,49.1,60.82,Flipped,"35% to 50%"
29,Sriperumbudur,"Chennai Metro",SC,TVK,THENNARASU.K,147611,331088,54246,44.6,INC,SELVAPERUNTHAGAI,115353,264262,10879,43.7,73.94,Flipped,"35% to 50%"
30,Pallavaram,"Chennai Metro",GEN,TVK,J.KAMATCHI,133611,283677,54693,47.1,DMK,KARUNANITHI,126427,266194,37781,47.5,60.86,Flipped,"35% to 50%"
31,Tambaram,"Chennai Metro",GEN,TVK,D.SARATHKUMAR,118967,278809,35621,42.7,DMK,Raja.S.R,116840,248968,36824,46.9,59.55,Flipped,"35% to 50%"
32,Chengalpattu,"Chennai Metro",GEN,TVK,"S. THIYAGARAJAN",137136,324010,35641,42.3,DMK,VARALAKSHMI.M,130573,274087,26665,47.6,63.54,Flipped,"35% to 50%"
33,Thiruporur,North,GEN,TVK,B.VIJAYARAJ,110095,262409,39351,42.0,VCK,S.S.Balaji,93954,226729,1947,41.4,76.36,Flipped,"35% to 50%"
34,Cheyyur,North,SC,AIADMK,"RAJASEKAR. E",63809,187584,5668,34.0,VCK,"Babu M",82750,179120,4042,46.2,77.88,Flipped,"Below 35%"
35,Madurantakam,North,SC,AIADMK,"MARAGATHAM KUMARAVEL.K",69284,198251,7194,34.9,AIADMK,"Maragatham. K",86646,185842,3570,46.6,80.65,Retained,"Below 35%"
36,Uthiramerur,North,GEN,TVK,MUNIRATHINAM.J,84917,227765,14223,37.3,DMK,"SUNDAR K",93427,210529,1622,44.4,80.1,Flipped,"35% to 50%"
37,Kancheepuram,North,GEN,TVK,"R.V. RANJITHKUMAR",91350,246317,15488,37.1,DMK,"C.V.M.P. Ezhailzrasan",102712,229432,11595,44.8,73.28,Flipped,"35% to 50%"
38,Arakkonam,North,SC,TVK,"V. GANDHIRAJ",73776,182340,23121,40.5,AIADMK,S.RAVI,85399,171412,27169,49.8,74.89,Flipped,"35% to 50%"
39,Sholingur,North,GEN,TVK,G.KAPIL,84506,233684,5686,36.2,INC,A.M.MUNIRATHINAM,110228,224109,26698,49.2,80.09,Flipped,"35% to 50%"
40,Katpadi,North,GEN,TVK,"DR M SUDHAKAR",69868,203497,5870,34.3,DMK,DURAIMURUGAN,85140,186246,746,45.7,74,Flipped,"Below 35%"
41,Ranipet,North,GEN,TVK,THAHIRA,91149,221038,5787,41.2,DMK,R.GANDHI,103291,207462,16498,49.8,77.24,Flipped,"35% to 50%"
42,Arcot,North,GEN,AIADMK,S.M.SUKUMAR,105608,225786,42720,46.8,DMK,J.L.Eswarappan,103885,209791,19958,49.5,79.62,Flipped,"35% to 50%"
43,Vellore,North,GEN,TVK,"M.M.VINOTH KANNAN",73032,190527,6777,38.3,DMK,"Karthikeyan .P",84299,179899,9181,46.9,70.25,Flipped,"35% to 50%"
44,Anaikattu,North,GEN,AIADMK,D.VELAZHAGAN,76302,216318,7081,35.3,DMK,A.P.Nandakumar,95159,197805,6360,48.1,77.05,Flipped,"35% to 50%"
45,Kilvaithinankuppam,North,SC,TVK,"THENRAL KUMAR. E",74305,189892,20255,39.1,AIADMK,"M.JAGAN MOORTHY",84579,174124,10582,48.6,76.5,Flipped,"35% to 50%"
46,Gudiyattam,North,SC,TVK,K.SINDU,82858,229076,10097,36.2,DMK,Amulu.V,100412,211630,6901,47.4,72.56,Flipped,"35% to 50%"
47,Vaniyambadi,North,GEN,IUML,"SYED FAROOQ BASHA SSB",73181,212534,2982,34.4,AIADMK,"G.SENDHIL KUMAR",88018,189997,4904,46.3,75.55,Flipped,"Below 35%"
48,Ambur,North,GEN,DMK,"VILWANATHAN. A.C.",74102,195584,7131,37.9,DMK,VILWANATHAN.A.C,90476,177878,20232,50.9,74.01,Retained,"35% to 50%"
49,Jolarpet,North,GEN,AIADMK,"VEERAMANI K.C.",78633,213042,16083,36.9,DMK,DEVARAJI.K.,89490,196358,1091,45.6,80.98,Flipped,"35% to 50%"
50,Tiruppattur,North,GEN,TVK,"DR.THIRUPATHI. N",105098,202925,48263,51.8,DMK,"A. NALLATHAMBI",96522,185930,28240,51.9,76.97,Flipped,"Above 50%"
51,Uthangarai,North,SC,TVK,"N ELAIYARAJA",70201,205530,5198,34.2,AIADMK,T.M.TAMILSELVAM,99675,188223,28387,53.0,78.37,Flipped,"Below 35%"
52,Bargur,North,GEN,AIADMK,"E.C. GOVINDARASAN",71240,213960,4241,33.3,DMK,"MATHIAZHAGAN D",97256,197784,12614,49.2,79.08,Flipped,"Below 35%"
53,Krishnagiri,North,GEN,TVK,MUKUNDHAN.P,89374,230181,18844,38.8,AIADMK,Ashokkumar.K,96050,211648,794,45.4,78.5,Flipped,"35% to 50%"
54,Veppanahalli,North,GEN,DMK,SRINIVASAN.P.S,74691,222608,138,33.6,AIADMK,K.P.Munusamy,94104,205141,3054,45.9,81.31,Flipped,"Below 35%"
55,Hosur,North,GEN,AIADMK,"BALAKRISHNAREDDY. P",109867,277770,27803,39.6,DMK,"PRAKAASH Y",118231,248098,12367,47.7,70.09,Flipped,"35% to 50%"
56,Thalli,North,GEN,CPI,"RAMACHANDRAN. T",78283,205878,5240,38.0,CPI,RAMACHANDRAN.T,120641,194022,56226,62.2,77.06,Retained,"35% to 50%"
57,Palacodu,North,GEN,AIADMK,"ANBALAGAN. K.P.",102807,225257,39042,45.6,AIADMK,ANBALAGAN.K.P.,110070,206595,28100,53.3,87.37,Retained,"35% to 50%"
58,Pennagaram,North,GEN,TVK,"GAJENDRAN. S.",81240,228666,3165,35.5,PMK,"MANI. G.K",106123,210305,21186,50.5,85,Flipped,"35% to 50%"
59,Dharmapuri,North,GEN,PMK,"SOWMIYA ANBUMANI",93713,238579,20896,39.3,PMK,VENKATESHWARAN.S.P.,105630,217333,26860,48.6,79.69,Retained,"35% to 50%"
60,Pappireddipatti,North,GEN,AIADMK,"MARAGATHAM VETRIVEL",101829,236621,33114,43.0,AIADMK,GOVINDASAMY.A,114507,220994,36943,51.8,82.15,Retained,"35% to 50%"
61,Harur,North,SC,AIADMK,"SAMPATHKUMAR. V",75523,220042,3329,34.3,AIADMK,SAMPATHKUMAR.V,99061,198565,30362,49.9,78.46,Retained,"Below 35%"
62,Chengam,North,SC,AIADMK,S.VELU,87802,242897,13278,36.1,DMK,GIRI.M.P,108081,223950,11570,48.3,80.66,Flipped,"35% to 50%"
63,Tiruvannamalai,North,GEN,DMK,"VELU. E.V",88273,220066,2455,40.1,DMK,"E V VELU",137876,208836,94673,66.0,71.69,Retained,"35% to 50%"
64,Kilpennathur,North,GEN,AIADMK,RAMACHANDRAN.S,90503,219790,30465,41.2,DMK,K.Pitchandi,104675,203886,26787,51.3,79.35,Flipped,"35% to 50%"
65,Kalasapakkam,North,GEN,AIADMK,"AGRI KRISHNAMURTHY. S S",89629,214127,26740,41.9,DMK,Saravanan.P.S.T,94134,196434,9222,47.9,80.36,Flipped,"35% to 50%"
66,Polur,North,GEN,TVK,"ABISHEK. R",67961,211743,227,32.1,AIADMK,"Agri KRISHNAMURTHY. S S",97732,202012,9725,48.4,82.33,Flipped,"Below 35%"
67,Arani,North,GEN,AIADMK,"JAYASUDHA. L",76735,230162,5631,33.3,AIADMK,S.RAMACHANDRAN,102961,221422,3128,46.5,79.84,Retained,"Below 35%"
68,Cheyyar,North,GEN,AIADMK,"MUKKUR N. SUBRAMANIAN",86680,222570,21081,38.9,DMK,"JOTHI. O",102460,214460,12271,47.8,81.69,Flipped,"35% to 50%"
69,Vandavasi,North,SC,DMK,"AMBETHKUMAR. S",63805,191204,3333,33.4,DMK,"Ambethkumar S",102064,185974,35953,54.9,76.81,Retained,"Below 35%"
70,Gingee,Central,GEN,PMK,"GANESHKUMAR A",78201,216652,12645,36.1,DMK,"MASTHAN K S",109625,206880,35803,53.0,78.21,Flipped,"35% to 50%"
71,Mailam,Central,GEN,AIADMK,"SHANMUGAM C VE",82353,189221,30041,43.5,PMK,"SIVAKUMAR C",81044,176989,2230,45.8,79.5,Flipped,"35% to 50%"
72,Tindivanam,Central,SC,VCK,"VANNI ARASU",63833,196026,734,32.6,AIADMK,"ARJUNAN P",87152,182538,9753,47.7,78.43,Flipped,"Below 35%"
73,Vanur,Central,SC,DMK,"GOWTHAM D",68873,192119,7034,35.8,AIADMK,"CHAKRAPANI M",92219,182208,21727,50.6,79.79,Flipped,"35% to 50%"
74,Viluppuram,Central,GEN,DMK,"LAKSHMANAN R",72982,215422,4119,33.9,DMK,"LAKSHMANAN R",102271,204860,14868,49.9,76.97,Retained,"Below 35%"
75,Vikravandi,Central,GEN,PMK,"SIVAKUMAR C",69727,209231,910,33.3,DMK,"PUGAZHENTHI N",93730,193617,9573,48.4,81.39,Flipped,"Below 35%"
76,Tirukkoyilur,Central,GEN,AIADMK,"PALANISAMY S",73033,217318,285,33.6,DMK,K.PONMUDY,110980,196217,59680,56.6,76.27,Flipped,"Below 35%"
77,Ulundurpettai,Central,GEN,DMK,"VASANTHAVEL G R",98471,271002,2277,36.3,DMK,"MANIKANNAN A J",115451,244853,5256,47.2,82.62,Retained,"35% to 50%"
78,Rishivandiyam,Central,GEN,DMK,"KARTHIKEYAN K",89711,244795,4862,36.6,DMK,"KARTHIKEYAN K",113912,215106,41728,53.0,80.18,Retained,"35% to 50%"
79,Sankarapuram,Central,GEN,AIADMK,"RAKESH R",80250,235528,3440,34.1,DMK,"UDHAYASURIYAN T",121186,215802,45963,56.2,79.58,Flipped,"Below 35%"
80,Kallakurichi,Central,SC,TVK,"ARUL VIGNESH C",81132,249626,798,32.5,AIADMK,Senthilkumar.M,110643,225858,25891,49.0,78.16,Flipped,"Below 35%"
81,Gangavalli,Central,SC,AIADMK,"NALLATHAMBI. A",73167,196679,14404,37.2,AIADMK,"NALLATHAMBI,A.",89568,186503,7361,48.0,77.11,Retained,"35% to 50%"
82,Attur,Central,SC,AIADMK,"JAYASANKARAN. A.P.",80843,208296,15318,38.8,AIADMK,"JAYASANKARAN, A.P.",95308,199743,8257,47.7,77.26,Retained,"35% to 50%"
83,Yercaud,Central,ST,AIADMK,"USHARANI. P",87772,253592,2189,34.6,AIADMK,"G. Chitra",121561,238924,25955,50.9,83.09,Retained,"Below 35%"
84,Omalur,Central,GEN,AIADMK,"MANI. R",112246,271119,14539,41.4,AIADMK,R.MANI,142488,249027,55294,57.2,83.28,Retained,"35% to 50%"
85,Mettur,Central,GEN,AIADMK,"VENKATACHALAM. G",86498,231105,19105,37.4,PMK,SADHASIVAM.S,97055,218442,656,44.4,75.01,Flipped,"35% to 50%"
86,Edappadi,Central,GEN,AIADMK,"EDAPPADI PALANISWAMI. K",148933,258263,98110,57.7,AIADMK,"EDAPPADI PALANISWAMI. K",163154,247301,93802,66.0,85.64,Retained,"Above 50%"
87,Sankari,Central,GEN,AIADMK,"VETRIVEL. S",87342,243779,9517,35.8,AIADMK,"SUNDARARAJAN, S.",115472,232247,20045,49.7,83.71,Retained,"35% to 50%"
88,"Salem (West)",Central,GEN,TVK,LAKSHMANAN.S,120407,234407,74867,51.4,PMK,"ARUL. R",105483,216628,21499,48.7,71.81,Flipped,"Above 50%"
89,"Salem (North)",Central,GEN,TVK,"SIVAKUMAR. K",85710,210712,14034,40.7,DMK,"R. RAJENDRAN",93432,202376,7588,46.2,72.14,Flipped,"35% to 50%"
90,"Salem (South)",Central,GEN,TVK,"VIJAY TAMILAN PARTHIBAN. A",91371,207902,33369,43.9,AIADMK,E.BALASUBRAMANIAN,97506,199982,22609,48.8,76,Flipped,"35% to 50%"
91,Veerapandi,Central,GEN,TVK,"PALANIVEL. M.S",79907,235875,4071,33.9,AIADMK,"RAJAMUTHU, M.",111682,223702,19895,49.9,85.64,Flipped,"Below 35%"
92,Rasipuram,Central,SC,TVK,"LOGESH TAMILSELVAN D",74808,204680,14511,36.5,DMK,"MATHIVENTHAN M",90727,196904,1952,46.1,82.05,Flipped,"35% to 50%"
93,Senthamangalam,Central,ST,TVK,"P CHANDRASEKAR",68815,209687,2655,32.8,DMK,"PONNUSAMY K",90681,199235,10493,45.5,80.93,Flipped,"Below 35%"
94,Namakkal,Central,GEN,TVK,"DILIP C S",79744,212283,11008,37.6,DMK,"RAMALINGAM P",106494,206759,27861,51.5,78.57,Flipped,"35% to 50%"
95,Paramathi-Velur,Central,GEN,AIADMK,"SEKAR S",61349,188845,308,32.5,AIADMK,"SEKAR S",86034,183697,7662,46.8,81.14,Retained,"Below 35%"
96,Tiruchengodu,Central,GEN,TVK,"ARUNRAJ K G",79500,191122,28172,41.6,DMK,"ESWARAN E R",81688,184669,2862,44.2,78.71,Flipped,"35% to 50%"
97,Kumarapalayam,Central,GEN,TVK,C.VIJAYALAKSHMI,81179,205324,7696,39.5,AIADMK,THANGAMANI.P,100800,201925,31646,49.9,78.85,Flipped,"35% to 50%"
98,"Erode (East)",Kongu,GEN,TVK,"M.VIJAY BALAJI",69747,162453,23966,42.9,INC,"THIRUMAHAN EVERAA,E.",67300,152037,8904,44.3,66.24,Flipped,"35% to 50%"
99,"Erode (West)",Kongu,GEN,TVK,"ANANTH MOGHAN K.K.",96836,221400,22250,43.7,DMK,"Muthusamy S",100757,205579,22089,49.0,69.36,Flipped,"35% to 50%"
100,Modakkurichi,Kongu,GEN,TVK,D.SHANMUGAN,60715,190759,2430,31.8,BJP,SARASWATHI.C,78125,181857,281,43.0,75.26,Flipped,"Below 35%"
101,Dharapuram,Kongu,SC,AIADMK,SATHYABAMA.P,81100,199944,16727,40.6,DMK,"KAYALVIZHI N",89986,193991,1393,46.4,74.15,Flipped,"35% to 50%"
102,Kangayam,Kongu,GEN,AIADMK,"NSN NATARAJ",71122,203534,8133,34.9,DMK,SAMINATHAN.M.P,94197,199818,7331,47.1,77.19,Flipped,"Below 35%"
103,Perundurai,Kongu,GEN,AIADMK,"JAYAKUMAR. S",70302,200686,9693,35.0,AIADMK,"JAYAKUMAR, S.",85125,189843,14507,44.8,82.6,Retained,"35% to 50%"
104,Bhavani,Kongu,GEN,AIADMK,"KARUPPANAN. K.C",75577,208323,7396,36.3,AIADMK,KARUPPANAN.K.C,100915,201385,22523,50.1,83.5,Retained,"35% to 50%"
105,Anthiyur,Kongu,GEN,AIADMK,HARIBASKAR.P,60042,185775,1260,32.3,DMK,VENKATACHALAM.A.G,79096,176385,1275,44.8,79.69,Flipped,"Below 35%"
106,Gobichettipalayam,Kongu,GEN,TVK,SENGOTTAIYAN.K.A,82612,219727,16620,37.6,AIADMK,"SENGOTTAIYAN K.A",108608,214281,28563,50.7,82.52,Flipped,"35% to 50%"
107,Bhavanisagar,Kongu,SC,TVK,V.P.TAMILSELVI,72391,214595,4569,33.7,AIADMK,A.Bannari,99181,200567,16008,49.5,77.37,Flipped,"Below 35%"
108,Udhagamandalam,Kongu,GEN,BJP,BHOJARAJAN.M,48488,148704,976,32.6,INC,"GANESH, R.",65530,141102,5348,46.4,67.82,Flipped,"Below 35%"
109,Gudalur,Kongu,SC,DMK,DHRAVIDAMANI.M,65590,151241,22833,43.4,AIADMK,PON.JAYASEELAN,64496,138257,1945,46.6,72.15,Flipped,"35% to 50%"
110,Coonoor,Kongu,GEN,DMK,"M. RAJU",50470,141394,8099,35.7,DMK,"Ramachandran, K.",61820,135908,4105,45.5,69.79,Retained,"35% to 50%"
111,Mettuppalayam,Kongu,GEN,TVK,SUNILANAND,75664,244319,7768,31.0,AIADMK,"SELVARAJ A K",105231,225083,2456,46.8,75.14,Flipped,"Below 35%"
112,Avanashi,Kongu,SC,TVK,KAMALI.S,84209,231600,15373,36.4,AIADMK,"DHANAPAL, P",117284,212627,50902,55.2,75.18,Flipped,"35% to 50%"
113,"Tiruppur (North)",Kongu,GEN,TVK,V.SATHYABAMA,131401,263457,69992,49.9,AIADMK,VIJEYAKUMAR.K.N,113384,238092,40102,47.6,62.44,Flipped,"35% to 50%"
114,"Tiruppur (South)",Kongu,GEN,TVK,"BALAMURUGAN. S",73793,179814,12901,41.0,DMK,"SELVARAJ. K.",75535,174418,4709,43.3,62.74,Flipped,"35% to 50%"
115,Palladam,Kongu,GEN,TVK,K.RAMKUMAR,121297,301014,37897,40.3,AIADMK,"ANANDAN M S M",126903,261511,32691,48.5,66.7,Flipped,"35% to 50%"
116,Sulur,Kongu,GEN,TVK,NM.SUKUMAR,90531,273544,4790,33.1,AIADMK,"KANDASAMY V.P.",118968,241653,31932,49.2,75.57,Flipped,"Below 35%"
117,Kavundampalayam,Kongu,GEN,TVK,"KANIMOZHI SANTHOSH",146466,363991,42140,40.2,AIADMK,G.Arunkumar,135669,309918,9776,43.8,66.13,Flipped,"35% to 50%"
118,"Coimbatore (North)",Kongu,GEN,TVK,"V. SAMPATHKUMAR",92500,226109,21992,40.9,AIADMK,"AMMAN K.ARJUNAN",81454,202799,4001,40.2,59.21,Flipped,"35% to 50%"
119,Thondamuthur,Kongu,GEN,AIADMK,S.P.VELUMANI,93316,258549,14725,36.1,AIADMK,"S.P. VELUMANI",124225,230531,41630,53.9,70.22,Retained,"35% to 50%"
120,"Coimbatore (South)",Kongu,GEN,DMK,"V SENTHILBALAJI",59724,156499,2271,38.2,BJP,"VANATHI SRINIVASAN",53209,154765,1728,34.4,60.69,Flipped,"35% to 50%"
121,Singanallur,Kongu,GEN,TVK,"K.S.SRI GIRI PRASATH",84163,221033,19139,38.1,AIADMK,"Jayaram, K.R",81244,202021,10854,40.2,61.73,Flipped,"35% to 50%"
122,Kinathukadavu,Kongu,GEN,TVK,"VIGNESH K",99950,267917,11710,37.3,AIADMK,Damodaran.S,101537,232435,1095,43.7,70.64,Flipped,"35% to 50%"
123,Pollachi,Kongu,GEN,DMK,"K. NITHYANANDHAN",62013,181196,4627,34.2,AIADMK,"Pollachi V. Jayaraman",80567,177308,1725,45.4,77.34,Flipped,"Below 35%"
124,Valparai,Kongu,SC,DMK,"KUTTY (ALIAS) SUDHAKAR. A",54671,150431,9371,36.3,AIADMK,"AMULKANDASAMI T K",71672,145172,12223,49.4,70.04,Flipped,"35% to 50%"
125,Udumalaipettai,Kongu,GEN,DMK,"JAYAKUMAR M.",68549,203575,2882,33.7,AIADMK,"Radhakrishnan,K.",96893,194358,21895,49.9,71.31,Flipped,"Below 35%"
126,Madathukulam,Kongu,GEN,DMK,"R JAYARAMAKRISHNAN",70458,188249,15968,37.4,AIADMK,"C MAHENDRAN",84313,181902,6438,46.4,72.45,Flipped,"35% to 50%"
127,Palani,South,GEN,AIADMK,"RAVIMANOHARAN. K",66986,208619,693,32.1,DMK,"SENTHIL KUMAR I.P",108566,205384,30056,52.9,73.33,Flipped,"Below 35%"
128,Oddanchatram,South,GEN,DMK,"SAKKARAPANI. R",93099,201624,43249,46.2,DMK,"SAKKARAPANI R",109970,201756,28742,54.5,83.08,Retained,"35% to 50%"
129,Athoor,South,GEN,DMK,"I. PERIASAMY",106240,237183,22368,44.8,DMK,"PERIYASAMY I",165809,229940,135571,72.1,77.96,Retained,"35% to 50%"
130,Nilakkottai,South,SC,TVK,AYYANAR.R,68580,197593,2925,34.7,AIADMK,S.Thenmozhi,91461,184805,27618,49.5,75.07,Flipped,"Below 35%"
131,Natham,South,GEN,AIADMK,"NATHAM VISWANATHAN R",85708,239140,11869,35.8,AIADMK,NATHAM.R.VISWANATHAN,107762,225244,11932,47.8,78.95,Retained,"35% to 50%"
132,Dindigul,South,GEN,DMK,"SENTHILKUMAR. I.P",74489,212024,1131,35.1,AIADMK,SREENIVASAN.C,90595,195118,17747,46.4,69.27,Flipped,"35% to 50%"
133,Vedasandur,South,GEN,DMK,"SAMINATHAN. T",84948,226554,10063,37.5,DMK,"GANDHIRAJAN S",106481,213080,17553,50.0,80.16,Retained,"35% to 50%"
134,Aravakurichi,Kongu,GEN,DMK,"ELANGO. R",70827,181078,19382,39.1,DMK,"ELANGO. R",93369,177114,24816,52.7,81.92,Retained,"35% to 50%"
135,Karur,Kongu,GEN,AIADMK,"M.R. VIJAYABHASKAR",71542,216829,1821,33.0,DMK,"SENTHILBALAJI V",101757,207310,12448,49.1,83.57,Flipped,"Below 35%"
136,Krishnarayapuram,Kongu,SC,TVK,"SATHYA. M",62378,189357,3503,32.9,DMK,"SIVAGAMA SUNDARI.K",96540,180902,31625,53.4,84.17,Flipped,"Below 35%"
137,Kulithalai,Kongu,GEN,DMK,"SURIYANUR. A. CHANDRAN",68138,209091,579,32.6,DMK,R.Manickam,100829,197456,23540,51.1,86.16,Retained,"Below 35%"
138,Manapparai,Delta,GEN,TVK,"R. KATHIRAVAN",83041,241216,1426,34.4,DMK,"ABDUL SAMAD P",98077,221748,12243,44.2,76.02,Flipped,"Below 35%"
139,Srirangam,Delta,GEN,TVK,RAMESH,103235,254985,33590,40.5,DMK,Palaniyandi.M,113904,240240,19915,47.4,76.15,Flipped,"35% to 50%"
140,"Tiruchirappalli (West)",Delta,GEN,DMK,K.N.NEHRU,88235,196347,4786,44.9,DMK,"Nehru, K.N.",118133,183099,85109,64.5,67.01,Retained,"35% to 50%"
141,"Tiruchirappalli (East)",Delta,GEN,TVK,"C. JOSEPH VIJAY",91381,182493,27416,50.1,DMK,"INIGO IRUDAYARAJ,S.",94302,172856,53797,54.6,66.87,Flipped,"Above 50%"
142,Thiruverumbur,Delta,GEN,TVK,"VIJAYAKUMAR (A) NAVALPATTU S. VIJI",89837,213583,8705,42.1,DMK,"ANBIL MAHESH POYYAMOZHI",105424,197013,49697,53.5,66.59,Flipped,"35% to 50%"
143,Lalgudi,Delta,GEN,AIADMK,"LEEMAROSE MARTIN",60795,185213,2739,32.8,DMK,A.SOUNDARAPANDIAN,84914,174754,16949,48.6,79.23,Flipped,"Below 35%"
144,Manachanallur,Delta,GEN,DMK,"KATHIRAVAN. S",81447,209780,12364,38.8,DMK,"S. KATHIRAVAN",116334,196719,59618,59.1,79.63,Retained,"35% to 50%"
145,Musiri,Delta,GEN,TVK,M.VIGNESH,71281,189141,17442,37.7,DMK,"N. Thiyagarajan",90624,179706,26836,50.4,75.98,Flipped,"35% to 50%"
146,Thuraiyur,Delta,SC,TVK,RAVISANKAR.M,66263,184426,9614,35.9,DMK,S.STALINKUMAR,87786,175876,22071,49.9,76.63,Flipped,"35% to 50%"
147,Perambalur,Central,SC,TVK,"SIVAKUMAR. K",90882,253654,14393,35.8,DMK,"PRABHAHARAN, M.",122090,240026,31034,50.9,78.2,Flipped,"35% to 50%"
148,Kunnam,Central,GEN,DMK,"SIVASANKAR. S.S",87237,230570,15557,37.8,DMK,"SIVASANKAR, S.S.",103922,219879,6329,47.3,80.05,Retained,"35% to 50%"
149,Ariyalur,Central,GEN,AIADMK,"RAJENDRAN S",95219,235858,24498,40.4,DMK,"CHINNAPPA K",103975,225225,3234,46.2,84.54,Flipped,"35% to 50%"
150,Jayankondam,Central,GEN,PMK,"VAITHILINGAM G.",88992,228548,18490,38.9,DMK,"KANNAN KA SO KA",99529,216368,5452,46.0,80.38,Flipped,"35% to 50%"
151,Tittakudi,Central,SC,DMK,"GANESAN C.V",63106,175754,2629,35.9,DMK,"GANESAN,  C.V.",83726,168184,21563,49.8,76.3,Retained,"35% to 50%"
152,Vriddhachalam,Central,GEN,DMDK,"PREMALLATHA VIJAYAKANT",69351,209186,2387,33.2,INC,Radhakrishnan,77064,196734,862,39.2,77.02,Flipped,"Below 35%"
153,Neyveli,Central,GEN,AIADMK,RAJENDRAN.R,63731,168780,10962,37.8,DMK,SABA.RAJENDRAN,75177,164130,977,45.8,74.25,Flipped,"35% to 50%"
154,Panruti,Central,GEN,AIADMK,"MOHAN. K",78398,210767,10663,37.2,DMK,VELMURUGAN.T,93801,197049,4697,47.6,79.6,Flipped,"35% to 50%"
155,Cuddalore,Central,GEN,TVK,B.RAJKUMAR,70856,190378,15519,37.2,DMK,G.IYAPPAN,84563,182001,5151,46.5,74.77,Flipped,"35% to 50%"
156,Kurinjipadi,Central,GEN,DMK,M.R.K.PANNEERSELVAM,76695,213965,7589,35.8,DMK,M.R.K.PANNEERSELVAM,101456,198781,17527,51.0,82.06,Retained,"35% to 50%"
157,Bhuvanagiri,Central,GEN,AIADMK,"ARUNMOZHITHEVAN . A",75707,207310,2487,36.5,AIADMK,"Arunmozhithevan. A",96453,197165,8259,48.9,78.57,Retained,"35% to 50%"
158,Chidambaram,Central,GEN,DMK,"THAMIMUN ANSARI. M",69739,196586,5747,35.5,AIADMK,"K.A. PANDIAN",91961,183352,16937,50.2,71.93,Flipped,"35% to 50%"
159,Kattumannarkoil,Central,SC,VCK,"L.E. JOTHIMANI",85179,187905,33063,45.3,VCK,"SINTHANAI SELVAN",86056,175561,10565,49.0,75.87,Retained,"35% to 50%"
160,Sirkazhi,Delta,SC,DMK,SENTHILSELVAN.R,71449,200448,11417,35.6,DMK,PANNEERSELVAM,94057,191325,12148,49.2,74.91,Retained,"35% to 50%"
161,Mayiladuthurai,Delta,GEN,INC,"JAMAL MOHAMED YOUNOOS. Y.N",68011,188461,10845,36.1,INC,Rajakumar.S,73642,174640,2742,42.2,70.14,Retained,"35% to 50%"
162,Poompuhar,Delta,GEN,DMK,"NIVEDHA M MURUGAN",81096,219324,8260,37.0,DMK,"Nivedha M. Murugan",96102,207838,3299,46.2,75.19,Retained,"35% to 50%"
163,Nagapattinam,Delta,GEN,DMK,M.H.JAWAHIRULLAH,56305,151326,9781,37.2,VCK,"J. Mohamed Shanavas",66281,143560,7238,46.2,71.97,Flipped,"35% to 50%"
164,Kilvelur,Delta,SC,CPI(M),"LATHA. T",56108,151637,2278,37.0,CPI(M),"NAGAIMAALI V P",67988,142995,16985,47.5,79.43,Retained,"35% to 50%"
165,Vedaranyam,Delta,GEN,AIADMK,"MANIAN. O.S",59172,162216,7331,36.5,AIADMK,O.S.MANIAN,78719,158060,12329,49.8,80.6,Retained,"35% to 50%"
166,Thiruthuraipoondi,Delta,SC,CPI,MARIMUTHU.K,74062,191030,12922,38.8,CPI,"MARIMUTHU K",97092,185886,30068,52.2,76.74,Retained,"35% to 50%"
167,Mannargudi,Delta,GEN,AMMK,"KAMARAJ. S",68416,194100,1566,35.2,DMK,"RAJAA T R B",87172,193229,37393,45.1,74.34,Flipped,"35% to 50%"
168,Thiruvarur,Delta,GEN,DMK,"KALAIVANAN POONDI  K",93408,217875,18148,42.9,DMK,"KALAIVANAN  POONDI  K.",108906,208290,51174,52.3,73.25,Retained,"35% to 50%"
169,Nannilam,Delta,GEN,AIADMK,"KAMARAJ. R",103462,231444,41724,44.7,AIADMK,"KAMARAJ R",103637,221944,4424,46.7,81.08,Retained,"35% to 50%"
170,Thiruvidaimarudur,Delta,SC,DMK,GOVI.CHEZHIAAN,79951,208944,14116,38.3,DMK,"CHEZHIAAN,  GOVI.",95763,198446,10680,48.3,75.76,Retained,"35% to 50%"
171,Kumbakonam,Delta,GEN,TVK,VINOTH,78650,208288,679,37.8,DMK,"ANBALAGAN, G.",96057,197564,21383,48.6,71.45,Flipped,"35% to 50%"
172,Papanasam,Delta,GEN,IUML,"A.M. SHAHJAHAN",69284,207723,1065,33.4,DMK,"Dr.JAWAHIRULLAH, M.H.",86567,196982,16273,43.9,74.76,Flipped,"Below 35%"
173,Thiruvaiyaru,Delta,GEN,DMK,"DURAI. CHANDRASEKARAN",80425,222111,8555,36.2,DMK,DURAI.CHANDRASEKARAN,103210,211430,53650,48.8,78.11,Retained,"35% to 50%"
174,Thanjavur,Delta,GEN,TVK,"R. VIJAYSARAVANAN",87705,198798,16955,44.1,DMK,"NEELAMEGAM, T.K.G.",103772,194859,47149,53.3,65.72,Flipped,"35% to 50%"
175,Orathanadu,Delta,GEN,DMK,"R. VAITHILINGAM",86759,195304,35028,44.4,AIADMK,"VAITHILINGAM, R.",90063,191840,28835,46.9,78.29,Flipped,"35% to 50%"
176,Pattukkottai,Delta,GEN,DMK,"ANNADURAI K",65963,183745,13754,35.9,DMK,"ANNADURAI, K.",79065,177200,25269,44.6,71.66,Retained,"35% to 50%"
177,Peravurani,Delta,GEN,DMK,"ASHOKKUMAR. N",60919,176274,3162,34.6,DMK,"ASHOKKUMAR, N.",89130,170850,23503,52.2,77.02,Retained,"Below 35%"
178,Gandharvakottai,Delta,SC,TVK,"N. SUBRAMANIAN",58795,167618,11039,35.1,CPI(M),M.Chinnadurai,69710,157620,12721,44.2,74.45,Flipped,"35% to 50%"
179,Viralimalai,Delta,GEN,AIADMK,"VIJAYABASKAR. C",105773,203921,62073,51.9,AIADMK,"VIJAYA BASKER C",102179,193423,23598,52.8,85.43,Retained,"Above 50%"
180,Pudukkottai,Delta,GEN,DMK,"V. MUTHURAJA",66825,190378,1867,35.1,DMK,"V . MUTHURAJA",85802,179892,13001,47.7,72.94,Retained,"35% to 50%"
181,Thirumayam,Delta,GEN,DMK,REGUPATHY.S,58201,182612,1492,31.9,DMK,S.REGUPATHY,71349,174031,1382,41.0,75.85,Retained,"Below 35%"
182,Alangudi,Delta,GEN,DMK,SIVA.V.MEYYANATHAN,64929,180483,12977,36.0,DMK,SIVA.V.MEYYANATHAN,87935,171842,25847,51.2,78.47,Retained,"35% to 50%"
183,Aranthangi,Delta,GEN,TVK,"MOHAMED FARVAS. J",73244,182730,10062,40.1,INC,"RAMACHANDRAN T",81835,168048,30893,48.7,70.21,Flipped,"35% to 50%"
184,Karaikudi,South,GEN,TVK,"DR.PRABHU. TK",101358,229267,46074,44.2,INC,S.Mangudi,75954,212456,21589,35.8,66.23,Flipped,"35% to 50%"
185,Tiruppattur,South,GEN,TVK,"SEENIVASA SETHUPATHY. R",83375,215710,1,38.7,DMK,KR.PERIYAKARUPPAN,103682,210766,37374,49.2,71.98,Flipped,"35% to 50%"
186,Sivaganga,South,GEN,TVK,"KULANTHAI RANI A",73737,214067,15081,34.4,AIADMK,"PR. Senthilnathan",82153,202044,11253,40.7,66.29,Flipped,"Below 35%"
187,Manamadurai,South,SC,TVK,ELANGOVAN.D,69971,208643,1208,33.5,DMK,"Tamilarasi A.",89364,203061,14091,44.0,72.05,Flipped,"Below 35%"
188,Melur,South,GEN,INC,P.VISWANATHAN,60080,190726,2724,31.5,AIADMK,"PERIYAPULLAN @ SELVAM  P.",83344,182782,35162,45.6,74.23,Flipped,"Below 35%"
189,"Madurai East",South,GEN,TVK,"KARTHIKEYAN S",118777,271566,16547,43.7,DMK,"MOORTHY P",122729,237892,49604,51.6,71.34,Flipped,"35% to 50%"
190,Sholavandan,South,SC,TVK,KARUPPAIAH.M.V,63907,189080,2678,33.8,DMK,"VENKATESAN A",84240,175361,17045,48.0,79.49,Flipped,"Below 35%"
191,"Madurai North",South,GEN,TVK,A.KALLANAI,72853,161801,18038,45.0,DMK,"THALAPATHI G",73010,156556,22916,46.6,63.6,Flipped,"35% to 50%"
192,"Madurai South",South,GEN,TVK,M.M.GOPISON,62415,141503,21529,44.1,DMK,BOOMINATHAN.M,62812,147833,6515,42.5,63.8,Flipped,"35% to 50%"
193,"Madurai Central",South,GEN,TVK,"MADHAR BADHURUDEEN",63414,148586,19128,42.7,DMK,"PALANIVEL THIAGA RAJAN",73205,149430,34176,49.0,61.03,Flipped,"35% to 50%"
194,"Madurai West",South,GEN,TVK,"THANGAPANDI SR",88250,216403,11931,40.8,AIADMK,"RAJU. K",83883,201694,9121,41.6,65.12,Flipped,"35% to 50%"
195,Thiruparankundram,South,GEN,TVK,"NIRMALKUMAR. R.",114316,255466,41553,44.7,AIADMK,"RAJANCHELLAPPA, V.V.",103683,235849,29489,44.0,72.73,Flipped,"35% to 50%"
196,Thirumangalam,South,GEN,DMK,MANIMARAN.M,88291,230980,23807,38.2,AIADMK,"UDHAYAKUMAR R B",100338,220495,14087,45.5,78.13,Flipped,"35% to 50%"
197,Usilampatti,South,GEN,TVK,"VIJAY. M",65743,224048,1805,29.3,AIADMK,"AYYAPPAN P",71255,212513,7477,33.5,73.82,Flipped,"Below 35%"
198,Andipatti,South,GEN,DMK,MAHARAJAN.A,74324,217329,9554,34.2,DMK,A.MAHARAJAN,93541,209540,8538,44.6,74.85,Retained,"Below 35%"
199,Periyakulam,South,SC,TVK,"SABARI IYNGARAN G.",85656,211209,19321,40.6,DMK,K.S.SARAVANAKUMAAR,92251,201797,21321,45.7,69.94,Flipped,"35% to 50%"
200,Bodinayakanur,South,GEN,DMK,PANNEERSELVAM.O,85206,220628,6805,38.6,AIADMK,O.PANNEERSELVAM,100050,214795,11021,46.6,76.3,Flipped,"35% to 50%"
201,Cumbum,South,GEN,TVK,"JEGANATHMISHRA PLA",85394,210574,751,40.6,DMK,N.Ramakrishnan,104800,202275,42413,51.8,69.51,Flipped,"35% to 50%"
202,Rajapalayam,South,GEN,TVK,"JEGADESHWARI. K",65548,183020,10605,35.8,DMK,"THANGAPANDIAN S.",74158,178708,3898,41.5,73.89,Flipped,"35% to 50%"
203,Srivilliputhur,South,SC,TVK,KARTHIK.A,65653,193471,8581,33.9,AIADMK,"MANRAJ, E.M.",70475,185039,12738,38.1,73.14,Flipped,"Below 35%"
204,Sattur,South,GEN,DMK,"KADARKARAIRAJ. A",62060,198734,5989,31.2,DMK,"RAGHURAMAN,  A.R.R.",74174,191783,11179,38.7,75.17,Retained,"Below 35%"
205,Sivakasi,South,GEN,TVK,"KEERTHANA S",68709,193517,11670,35.5,INC,Ashokan.G,78947,185047,17319,42.7,70.16,Flipped,"35% to 50%"
206,Virudhunagar,South,GEN,TVK,"SELVAM P",63653,167832,9391,37.9,DMK,"SEENIVASAN A.R.R",73297,161717,21339,45.3,71.27,Flipped,"35% to 50%"
207,Aruppukkottai,South,GEN,DMK,"RAMACHANDRAN. K.K.S.S.R",65104,178413,4943,36.5,DMK,K.K.S.S.R.RAMACHANDRAN,91040,171201,39034,53.2,75.6,Retained,"35% to 50%"
208,Tiruchuli,South,GEN,DMK,"THANGAM THENARASU",75085,181250,13485,41.4,DMK,"THANGAM THENARASU",102225,172811,60992,59.2,77.46,Retained,"35% to 50%"
209,Paramakudi,South,SC,DMK,"ADVOCATE. KATHIRAVAN. K.K",59161,189753,3548,31.2,DMK,"MURUGESAN S",84864,182158,13285,46.6,70.59,Retained,"Below 35%"
210,Tiruvadanai,South,GEN,TVK,RAJEEV,69551,220278,2513,31.6,INC,KARUMANICKAM,79364,201815,13852,39.3,68.72,Flipped,"Below 35%"
211,Ramanathapuram,South,GEN,DMK,"KATHARBATCHA MUTHURAMALINGAM",89137,237576,12459,37.5,DMK,"KATHARBATCHA MUTHURAMALINGAM",111082,214098,50479,51.9,68.81,Retained,"35% to 50%"
212,Mudhukulathur,South,GEN,DMK,R.S.RAJAKANNAPPAN,68003,231373,16598,29.4,DMK,R.S.RAJAKANNAPPAN,101901,221213,20721,46.1,70.29,Retained,"Below 35%"
213,Vilathikulam,South,GEN,DMK,"MARKANDAYAN G V",58395,174814,8228,33.4,DMK,"MARKANDAYAN V",90348,167169,38549,54.0,76.52,Retained,"Below 35%"
214,Thoothukkudi,South,GEN,TVK,SRINATH,100536,204712,37731,49.1,DMK,"P.Geetha Jeevan",92314,188407,50310,49.0,65.07,Flipped,"35% to 50%"
215,Tiruchendur,South,GEN,DMK,"ANITHA R. RADHAKRISHNAN",72723,186050,5872,39.1,DMK,"Anitha R. Radhakrishnan",88274,174536,25263,50.6,70.04,Retained,"35% to 50%"
216,Srivaikuntam,South,GEN,TVK,"SARAVANAN. G",58814,176421,1186,33.3,INC,"Amirtharaj .S",76843,164386,17372,46.7,72.34,Flipped,"Below 35%"
217,Ottapidaram,South,SC,TVK,"P .MATHANRAJA",81625,196117,29083,41.6,DMK,"SHUNMUGAIAH C",73110,177840,8510,41.1,69.82,Flipped,"35% to 50%"
218,Kovilpatti,South,GEN,DMK,KARUNANITHI.K,61643,194232,843,31.7,AIADMK,"KADAMBUR RAJU",68556,180928,12403,37.9,67.43,Flipped,"Below 35%"
219,Sankarankovil,South,SC,AIADMK,"DR. DHILIPAN JAISHANKAR",64865,196480,6489,33.0,DMK,"RAJA E",71347,183338,5297,38.9,71.48,Flipped,"Below 35%"
220,Vasudevanallur,South,SC,DMK,"E. RAJA",63045,189795,6583,33.2,DMK,"SADHAN THIRUMALAIKUMAR, DOCTOR.T",68730,175881,2367,39.1,71.87,Retained,"Below 35%"
221,Kadayanallur,South,GEN,DMK,"RAJENDRAN. T. M",79832,221951,6253,36.0,AIADMK,C.KRISHNAMURALI,88474,205374,24349,43.1,70.35,Flipped,"35% to 50%"
222,Tenkasi,South,GEN,DMK,"DR.KALAI KATHIRAVAN",79699,234987,10299,33.9,INC,"PALANI NADAR.S",89315,214108,370,41.7,72.4,Flipped,"Below 35%"
223,Alangulam,South,GEN,DMK,"PAUL MANOJ PANDIAN",69170,220857,7798,31.3,AIADMK,"PAUL MANOJ PANDIAN",74153,203478,3539,36.4,77.4,Flipped,"Below 35%"
224,Tirunelveli,South,GEN,TVK,MURUGHAN.R.S.,75840,218425,11414,34.7,BJP,"Nainar Nagenthran",92282,197587,23107,46.7,66.91,Flipped,"Below 35%"
225,Ambasamudram,South,GEN,AIADMK,"DR.ESAKKI SUBAYA",65589,191195,10245,34.3,AIADMK,E.SUBAYA,85211,177681,16915,48.0,72.03,Retained,"Below 35%"
226,Palayamkottai,South,GEN,DMK,"M.ABDUL WAHAB",79744,180620,13805,44.2,DMK,"ABDUL WAHAB .M",89117,161091,52141,55.3,57.76,Retained,"35% to 50%"
227,Nanguneri,South,GEN,TVK,"REDDIARPATTI V. NARAYANAN",74952,209419,16419,35.8,INC,"RUBY R MANOHARAN",75902,192522,16486,39.4,68.59,Flipped,"35% to 50%"
228,Radhapuram,South,GEN,TVK,"DR.SATHISH CHRISTOPHER",69947,199931,12313,35.0,DMK,M.Appavu,82331,187310,5925,44.0,68.08,Flipped,"35% to 50%"
229,Kanniyakumari,South,GEN,AIADMK,"THALAVAI SUNDARAM. N",75045,239150,214,31.4,AIADMK,"THALAVAI SUNDARAM N.",109745,224874,16213,48.8,75.19,Retained,"Below 35%"
230,Nagercoil,South,GEN,DMK,AUSTIN,69880,196280,7570,35.6,BJP,"Gandhi M.R.",88804,184185,11669,48.2,67.06,Flipped,"35% to 50%"
231,Colachal,South,GEN,INC,"THARAHAI CUTHBERT",66207,199013,2833,33.3,INC,"Prince J.G.",90681,182969,24832,49.6,67.27,Retained,"Below 35%"
232,Padmanabhapuram,South,GEN,CPI(M),"CHELLASWAMY. R",68938,180555,15569,38.2,DMK,"Mano Thangaraj, T.",87744,170156,26885,51.6,70.08,Flipped,"35% to 50%"
233,Vilavancode,South,GEN,INC,"PRAVEEN T.T",70755,174927,20970,40.4,INC,"VIJAYADHARANI S",87473,167836,28669,52.1,66.83,Retained,"35% to 50%"
234,Killiyoor,South,GEN,INC,"RAJESH KUMAR. S",66434,177534,1311,37.4,INC,"RAJESH KUMAR  S",101541,169918,55400,59.8,65.87,Retained,"35% to 50%"
